timestamp,activityType,from,id,to,txHash,quantity,token.erc1155TokenId,item,token.erc1155Image,price,seller,buyer,formatted_price,unitary_price
2024-08-09 11:46:27,Sale,0x23e8f8dc174048e4df0f844a7564f8a35b9afd37,19361309,0x5c06e752c477d4d2f5bcafe6303b1146733e888e,0x36b7ce5f0b24964cbbf68c3cfa1a3ed2dc2e087531e30e62d79312fd4a2ae54a,1.0,268559120,Lv 2 Energy Slime,https://icons.lumiterra.net/item-icon-483.png,7.46e+18,Lunacian #2,Art1st,7.46,7.46
2024-08-09 11:46:27,Sale,0xd211315063a2b4d529070df7f8c6980f09d41175,19361308,0x5c06e752c477d4d2f5bcafe6303b1146733e888e,0x36b7ce5f0b24964cbbf68c3cfa1a3ed2dc2e087531e30e62d79312fd4a2ae54a,1.0,268559120,Lv 2 Energy Slime,https://icons.lumiterra.net/item-icon-483.png,7.2e+18,Lunacian #0,Art1st,7.2,7.2
2024-08-09 11:46:27,Sale,0x4af21066bb1ebad65dbe0b311d54054d391f275c,19361307,0x5c06e752c477d4d2f5bcafe6303b1146733e888e,0x36b7ce5f0b24964cbbf68c3cfa1a3ed2dc2e087531e30e62d79312fd4a2ae54a,1.0,268559120,Lv 2 Energy Slime,https://icons.lumiterra.net/item-icon-483.png,7e+18,Lunacian #0,Art1st,7.0,7.0
2024-08-09 11:46:27,Sale,0x310b03931871f37d2cdcdb02bf2068f2e4a08314,19361306,0x5c06e752c477d4d2f5bcafe6303b1146733e888e,0x36b7ce5f0b24964cbbf68c3cfa1a3ed2dc2e087531e30e62d79312fd4a2ae54a,2.0,268559120,Lv 2 Energy Slime,https://icons.lumiterra.net/item-icon-483.png,1.396e+19,GUG,Art1st,13.96,6.98
2024-08-09 11:46:27,Sale,0x8272fc5f2bde652a37afcf6d3e3cd95af88ca385,19361305,0x5c06e752c477d4d2f5bcafe6303b1146733e888e,0x36b7ce5f0b24964cbbf68c3cfa1a3ed2dc2e087531e30e62d79312fd4a2ae54a,2.0,268559120,Lv 2 Energy Slime,https://icons.lumiterra.net/item-icon-483.png,1.39e+19,jinmu,Art1st,13.9,6.95
2024-08-09 11:46:27,Sale,0x6d6e19b7b7d2f5e929dc7566ca35b59a93c4ed43,19361304,0x5c06e752c477d4d2f5bcafe6303b1146733e888e,0x36b7ce5f0b24964cbbf68c3cfa1a3ed2dc2e087531e30e62d79312fd4a2ae54a,1.0,268559120,Lv 2 Energy Slime,https://icons.lumiterra.net/item-icon-483.png,6.95e+18,Lunacian #5,Art1st,6.95,6.95
2024-08-09 11:45:57,Sale,0x3ade99ac360f8a08b9d87e818c3e6800e055e7d8,19360909,0x0f8d556a177c1119cedf1b2d291b4eb0978b59ab,0xc1f913177e6c8672b37b0738e46b865308dc26c961278424a59f7607187c519b,1.0,1103120,Lv 1 Agricultural Livestock Essence,https://icons.lumiterra.net/item-icon-213.png,3.949999e+18,Lunacian #0,Lunacian #5,3.949999,3.949999
2024-08-09 11:45:57,Sale,0xde18474e802d089e161df088c422f41814af9feb,19360908,0x0f8d556a177c1119cedf1b2d291b4eb0978b59ab,0xc1f913177e6c8672b37b0738e46b865308dc26c961278424a59f7607187c519b,2.0,1103120,Lv 1 Agricultural Livestock Essence,https://icons.lumiterra.net/item-icon-213.png,7.88e+18,stn,Lunacian #5,7.88,3.94
2024-08-09 11:45:57,Sale,0x355e053f992760886696e3dd689fc31742023404,19360907,0x0f8d556a177c1119cedf1b2d291b4eb0978b59ab,0xc1f913177e6c8672b37b0738e46b865308dc26c961278424a59f7607187c519b,1.0,1103120,Lv 1 Agricultural Livestock Essence,https://icons.lumiterra.net/item-icon-213.png,3.93e+18,MACHAIRA,Lunacian #5,3.93,3.93
2024-08-09 11:45:45,Sale,0x9f793658f3854dd79bb4257ff585bff3733c43dd,19360878,0xad69e1b5aac510e713d057b41b62c4779f3bd205,0x53b7db5c1b7a0ccb4166ba0063bd6a3fb3fc53b1fa565760fe94dfdb98482793,2.0,1086480,Carrot Seed,https://icons.lumiterra.net/item-icon-148.png,6e+17,JessDu,Lunacian #3,0.6,0.3
2024-08-09 11:45:45,Sale,0x44c91de88226df49b550454b90307dc38a650c53,19360877,0xad69e1b5aac510e713d057b41b62c4779f3bd205,0x53b7db5c1b7a0ccb4166ba0063bd6a3fb3fc53b1fa565760fe94dfdb98482793,1.0,1086480,Carrot Seed,https://icons.lumiterra.net/item-icon-148.png,3e+17,Ra,Lunacian #3,0.3,0.3
2024-08-09 11:45:39,Sale,0x5f4d65c4ac0c8d8e88215a991f54906306c2a8b0,19360863,0xa01f09c7a755d32a6ee5a64ceb589c9836871be9,0x3b12becb4119e38f55b603cc35b934c8e1dcc0a90f9d6a48d56fd3f77a9ee55f,3.0,268638480,Lv 2 Packaging box,https://icons.lumiterra.net/item-icon-793.png,2.97e+18,Lunacian #4,Lunacian #4,2.97,0.9900000000000001
2024-08-09 11:45:39,Sale,0xe7dd2bbaae094dbe4d7572a33fd69d15f3ef0f96,19360862,0xa01f09c7a755d32a6ee5a64ceb589c9836871be9,0x3b12becb4119e38f55b603cc35b934c8e1dcc0a90f9d6a48d56fd3f77a9ee55f,1.0,268638480,Lv 2 Packaging box,https://icons.lumiterra.net/item-icon-793.png,9.5e+17,Lunacian #0,Lunacian #4,0.95,0.95
2024-08-09 11:45:33,Sale,0x5fc5f1f6cfad1d03e1b7b32f14d4c1afed7bb180,19360833,0xad69e1b5aac510e713d057b41b62c4779f3bd205,0x9a7f5df2fe16156b599ddb46dffb259368089a4f5f2bea5058688fdfb6e264c8,1.0,1086224,Trifolium Seed,https://icons.lumiterra.net/item-icon-147.png,3.4e+17,朝阳,Lunacian #3,0.34,0.34
2024-08-09 11:45:06,Sale,0x5fc5f1f6cfad1d03e1b7b32f14d4c1afed7bb180,19360579,0xad69e1b5aac510e713d057b41b62c4779f3bd205,0x1645bc4da3593173c2eb24575fd255d70ab7f22719c879618ed910ef581f5165,2.0,1086224,Trifolium Seed,https://icons.lumiterra.net/item-icon-147.png,6.8e+17,朝阳,Lunacian #3,0.68,0.34
2024-08-09 11:44:39,Sale,0x5121e4f8dcc7391437240910c93b7b7b678a0dc1,19360261,0xad69e1b5aac510e713d057b41b62c4779f3bd205,0x290524a3a8e5477bbaa165ea0c59a6f05cabda89c0fcbcfbc3b8b3f35cbd03bc,1.0,1102352,Lv 1 Agricultural Planting Essence,https://icons.lumiterra.net/item-icon-210.png,4.79e+18,Lunacian #3,Lunacian #3,4.79,4.79
2024-08-09 11:44:36,Sale,0x01e3236e9502e8f8377155d73ffab63e8c1f08f8,19360253,0x3cd81ebb22d8651397b104b86f6254266a58bbdd,0x7b66c931d3f94fc017bb788f5bad7778b232db4b30f4954ee3a4ecb2f185bbfa,1.0,1086224,Trifolium Seed,https://icons.lumiterra.net/item-icon-147.png,3.3e+17,lz1998,Lunacian #3,0.33,0.33
2024-08-09 11:44:36,Sale,0x3722a0f22df4b917aa56a897bf881df62b355e79,19360252,0x3cd81ebb22d8651397b104b86f6254266a58bbdd,0x7b66c931d3f94fc017bb788f5bad7778b232db4b30f4954ee3a4ecb2f185bbfa,1.0,1086224,Trifolium Seed,https://icons.lumiterra.net/item-icon-147.png,3.3e+17,WKparalyzed #1,Lunacian #3,0.33,0.33
2024-08-09 11:44:30,Sale,0xf0da3a82276e13532c4ab0ea0dbc6559b4cc25fe,19360236,0xb81c8a33a8e7d6ea7869cc9774d133a6d420bec6,0xfdcf82991fa8bb8c31f128adfe67cc148667ba16bd141c92ad6c3fd2439cc26f,1.0,1101840,Lv 2 Gather Essence,https://icons.lumiterra.net/item-icon-208.png,1.475e+19,Lunacian #4,Lunacian #5,14.75,14.75
2024-08-09 11:44:21,Sale,0xf3c8bf25e3f0fdf8acdddd99b1b5581985c38696,19360220,0x4fff91b49f5242d0f93b91394840211bffc9f459,0xeaf4d2b5477a6a10af6fd952896ef4adec8f5f68f4a9e4ef82dff33a91335930,1.0,268638224,Lv 1 Packaging box,https://icons.lumiterra.net/item-icon-792.png,5e+17,StyleSan,Lunacian #1,0.5,0.5
2024-08-09 11:44:15,Sale,0x6f88d30bed3e83aaa872f446e01ce082d07354f4,19360201,0x8820952ca16f64da3074507ed63588b59038364f,0xe3e55f8d1b1522ff3e668ce58854247af4f2b5e3c1e7de0ef2fcf2761579ced0,1.0,268638736,Lv 3 Packaging box,https://icons.lumiterra.net/item-icon-794.png,1.53e+18,RAJATEGA,Lionkorts,1.53,1.53
2024-08-09 11:44:12,Sale,0xab3ba42a9c020bc5830437238b74114b434e2d5a,19360190,0x5c06e752c477d4d2f5bcafe6303b1146733e888e,0xe0fbc5bcd77dc9cb1279217fd67951c2d3f1e45620af52b7e9770cb23abd43f1,4.0,1103120,Lv 1 Agricultural Livestock Essence,https://icons.lumiterra.net/item-icon-213.png,1.564e+19,Lunacian #0,Art1st,15.64,3.91
2024-08-09 11:44:12,Sale,0x19172549a42b5f0aff75173b83b7814144382c70,19360189,0x5c06e752c477d4d2f5bcafe6303b1146733e888e,0xe0fbc5bcd77dc9cb1279217fd67951c2d3f1e45620af52b7e9770cb23abd43f1,1.0,1103120,Lv 1 Agricultural Livestock Essence,https://icons.lumiterra.net/item-icon-213.png,3.9e+18,HunterThanh,Art1st,3.9,3.9
2024-08-09 11:44:12,Sale,0x394c634bd114ab793c3c10d7dfcc2e9a14ad05df,19360188,0x5c06e752c477d4d2f5bcafe6303b1146733e888e,0xe0fbc5bcd77dc9cb1279217fd67951c2d3f1e45620af52b7e9770cb23abd43f1,1.0,1103120,Lv 1 Agricultural Livestock Essence,https://icons.lumiterra.net/item-icon-213.png,3.899e+18,TOTLK,Art1st,3.899,3.899
2024-08-09 11:43:51,Sale,0x18f330651b89c08dddd8a310972aef14f684feb3,19359692,0x5c06e752c477d4d2f5bcafe6303b1146733e888e,0x536d1e7b664dd78040c641233658e856bd1f80afbead76d4630940db2dbb9f36,1.0,1102352,Lv 1 Agricultural Planting Essence,https://icons.lumiterra.net/item-icon-210.png,4.79e+18,Lunacian #4,Art1st,4.79,4.79
2024-08-09 11:43:51,Sale,0x15695d8aae5edec81d57bb220abb1e98bf472846,19359691,0x5c06e752c477d4d2f5bcafe6303b1146733e888e,0x536d1e7b664dd78040c641233658e856bd1f80afbead76d4630940db2dbb9f36,1.0,1102352,Lv 1 Agricultural Planting Essence,https://icons.lumiterra.net/item-icon-210.png,4.79e+18,Lunacian #1,Art1st,4.79,4.79
2024-08-09 11:43:51,Sale,0x9a648e829cb502385ac7b48ce1e84a831e264372,19359690,0x5c06e752c477d4d2f5bcafe6303b1146733e888e,0x536d1e7b664dd78040c641233658e856bd1f80afbead76d4630940db2dbb9f36,1.0,1102352,Lv 1 Agricultural Planting Essence,https://icons.lumiterra.net/item-icon-210.png,4.77e+18,Lunacian #4,Art1st,4.77,4.77
2024-08-09 11:43:51,Sale,0x0eb19d029cd1d7cddbb0c83da1fab938f6708499,19359689,0x5c06e752c477d4d2f5bcafe6303b1146733e888e,0x536d1e7b664dd78040c641233658e856bd1f80afbead76d4630940db2dbb9f36,1.0,1102352,Lv 1 Agricultural Planting Essence,https://icons.lumiterra.net/item-icon-210.png,4.67e+18,Lunacian #4,Art1st,4.67,4.67
2024-08-09 11:43:51,Sale,0x333f9a45d759267a87d8fd3c61bdbfe3c39390d4,19359688,0x5c06e752c477d4d2f5bcafe6303b1146733e888e,0x536d1e7b664dd78040c641233658e856bd1f80afbead76d4630940db2dbb9f36,1.0,1102352,Lv 1 Agricultural Planting Essence,https://icons.lumiterra.net/item-icon-210.png,4.67e+18,Lunacian #0,Art1st,4.67,4.67
2024-08-09 11:43:51,Sale,0x10fc2d0142b45a793c412d617af939e56b313f3f,19359687,0x5c06e752c477d4d2f5bcafe6303b1146733e888e,0x536d1e7b664dd78040c641233658e856bd1f80afbead76d4630940db2dbb9f36,1.0,1102352,Lv 1 Agricultural Planting Essence,https://icons.lumiterra.net/item-icon-210.png,4.66e+18,Lunacian #1,Art1st,4.66,4.66
2024-08-09 11:43:42,Sale,0x5fc5f1f6cfad1d03e1b7b32f14d4c1afed7bb180,19359675,0x33140555d1e332ad752f8534ce07d77a67385e5c,0x943f68c073df96d5cb6c5918218c1d5024456df63e7ecaeb06a5559ab8ef2339,4.0,1085968,Bamboo Seed,https://icons.lumiterra.net/item-icon-146.png,7.6e+17,朝阳,Lunacian #4,0.76,0.19
2024-08-09 11:43:33,Sale,0x5fc5f1f6cfad1d03e1b7b32f14d4c1afed7bb180,19359653,0x417fa97fea8b5be5fde044406e9aaecf1e53ac66,0x5090d5a16615bfc5a0e1530f6b282d257c5141b29128a7638b564dd45e769392,1.0,1102608,Lv 2 Agricultural Planting Essence,https://icons.lumiterra.net/item-icon-211.png,2e+19,朝阳,donqui,20.0,20.0
2024-08-09 11:43:21,Sale,0x9bb477aec0babba5db5437cadbc56c8c3ce9a2c6,19359591,0xc44658012d08a9b48aeb0d686525f232ab3f5df6,0xdc6eaa7b53bef0a68d8ac3b9d181c670c5116dead1acf0a88174030291c24eb4,1.0,1055760,Feed - Small,https://icons.lumiterra.net/item-icon-28.png,1.65e+18,Lunacian #4,Phar,1.65,1.65
2024-08-09 11:43:21,Sale,0xe9516647583e81068351e2d28d4693dcc5372204,19359590,0xc44658012d08a9b48aeb0d686525f232ab3f5df6,0xdc6eaa7b53bef0a68d8ac3b9d181c670c5116dead1acf0a88174030291c24eb4,2.0,1055760,Feed - Small,https://icons.lumiterra.net/item-icon-28.png,3.26e+18,Lunacian #0,Phar,3.26,1.63
2024-08-09 11:43:15,Sale,0x71befce12d1d9ddcb811c5b143d58619212fbe49,19359570,0x885f158355954524e448a42fa79867b3eeaf50c9,0x3ab48b150e7d33ef6113b02abc45db13ab3a5cd11319474b638c0b7d81344764,2.0,268636432,Lv 3 Packaging Paper,https://icons.lumiterra.net/item-icon-785.png,3.98e+17,Lumiterra,Lunacian #0,0.398,0.199
2024-08-09 11:42:57,Sale,0x0f8d556a177c1119cedf1b2d291b4eb0978b59ab,19359512,0x417fa97fea8b5be5fde044406e9aaecf1e53ac66,0x41f5e35eb84da635802db922c30729557931394a2b682096d16ee3ee7ed69da7,1.0,1103376,Lv 2 Agricultural Livestock Essence,https://icons.lumiterra.net/item-icon-214.png,1.954e+19,Lunacian #5,donqui,19.54,19.54
2024-08-09 11:42:33,Sale,0x61db3211f52e1a8db4ffac3a9cc9b167605f9857,19359017,0x10b7ec004b88457b14e287f506d38fd8bd09e4a5,0x8b8cf38bd0152c123f6c64b6e94992a2cbaef6a2959b733b7515e0c9894608da,1.0,268558096,Empty Bottle,https://icons.lumiterra.net/item-icon-479.png,4.5e+17,Rygon | NXS | YGG,roc,0.45,0.45
2024-08-09 11:42:33,Sale,0x14467e70f72ccad3f4620622650d709a12e65d4a,19359016,0x10b7ec004b88457b14e287f506d38fd8bd09e4a5,0x8b8cf38bd0152c123f6c64b6e94992a2cbaef6a2959b733b7515e0c9894608da,1.0,268558096,Empty Bottle,https://icons.lumiterra.net/item-icon-479.png,4.1e+17,0x14467e70f72ccad3f4620622650d709a12e65d4a,roc,0.41,0.41
2024-08-09 11:42:33,Sale,0x4a8142018af0da567ee94c58d23685c7bf8610d3,19359015,0x10b7ec004b88457b14e287f506d38fd8bd09e4a5,0x8b8cf38bd0152c123f6c64b6e94992a2cbaef6a2959b733b7515e0c9894608da,1.0,268558096,Empty Bottle,https://icons.lumiterra.net/item-icon-479.png,4e+17,Konko99,roc,0.4,0.4
2024-08-09 11:42:30,Sale,0xce75ab74a7906ad37862a6b2a1fd4c57b1a07bf4,19359010,0xac01d670912f22c010bbbaff57da3aefffa076d3,0xc23fef96a3b8bf88d1a6b4833f47e8a732d57b478703109d71e1494070a502a9,1.0,268638224,Lv 1 Packaging box,https://icons.lumiterra.net/item-icon-792.png,5e+17,sealcill,frieda#0,0.5,0.5
2024-08-09 11:42:21,Sale,0xf0da3a82276e13532c4ab0ea0dbc6559b4cc25fe,19358997,0xb81c8a33a8e7d6ea7869cc9774d133a6d420bec6,0x32f1b6f3e609f4b98022cb592e4a715943c62998627b4a5cd815edb8755c6cb2,3.0,1103888,Lv 1 Combat Essence,https://icons.lumiterra.net/item-icon-216.png,7.65e+18,Lunacian #4,Lunacian #5,7.65,2.5500000000000003
2024-08-09 11:41:48,Sale,0x2fa653dd4217232e166de56230366077f560ce83,19358686,0xbd53f5b6f5e40ef120ca080dca98119368393dc7,0xd4a036a5a7520cdf785649cf8327959b67e13339cb3fd8e04d3c9d6d79e0d030,1.0,268558864,Lv 1 Energy Slime,https://icons.lumiterra.net/item-icon-482.png,2e+18,Lunacian #2,Lunacian #5,2.0,2.0
2024-08-09 11:41:42,Sale,0x482608f8c83ed4a26cba241c8ed6e31f692317b9,19358620,0x4fff91b49f5242d0f93b91394840211bffc9f459,0x9bb146bf1dd7bdab0ce4bcf9adf11e8428432ba581b92a1cfaddd112fddd3f40,2.0,268635920,Lv 1 Packaging Paper,https://icons.lumiterra.net/item-icon-783.png,3e+17,给我往死里卷,Lunacian #1,0.3,0.15
2024-08-09 11:41:24,Sale,0xbb0aca1654027299950b3ee0e4962407fe064c2c,19358587,0x4fff91b49f5242d0f93b91394840211bffc9f459,0x827418402810a5c98dee74c577f27b2529fc7efbcd416eb32dc984b3b9e903fa,1.0,268636176,Lv 2 Packaging Paper,https://icons.lumiterra.net/item-icon-784.png,1.3e+17,Armageto,Lunacian #1,0.13,0.13
2024-08-09 11:41:09,Sale,0xc83e067745e8a2db47c45c7227e62e94a3af3835,19358558,0x234418c434ce6fc16081ee6de9343bf9ed6af442,0x9a12e387a2398a8dd65c07740f08ed1dd253ad43ac3e1b5b6c5c3a3ec51db851,1.0,1103888,Lv 1 Combat Essence,https://icons.lumiterra.net/item-icon-216.png,2.68e+18,KINGSMUL,Lunacian #2,2.68,2.68
2024-08-09 11:41:09,Sale,0xd576818c2a92fba798c16d136561da660d6d887d,19358557,0x234418c434ce6fc16081ee6de9343bf9ed6af442,0x9a12e387a2398a8dd65c07740f08ed1dd253ad43ac3e1b5b6c5c3a3ec51db851,2.0,1103888,Lv 1 Combat Essence,https://icons.lumiterra.net/item-icon-216.png,5.1e+18,Lunacian #4,Lunacian #2,5.1,2.55
2024-08-09 11:41:09,Sale,0x998e00fddaa885024aa39ecb378c10b05e895f6d,19358556,0x234418c434ce6fc16081ee6de9343bf9ed6af442,0x9a12e387a2398a8dd65c07740f08ed1dd253ad43ac3e1b5b6c5c3a3ec51db851,2.0,1103888,Lv 1 Combat Essence,https://icons.lumiterra.net/item-icon-216.png,5.1e+18,Lunacian #3,Lunacian #2,5.1,2.55
2024-08-09 11:41:03,Sale,0xbd21a401285e346cb11026f80b78bab9a67a7116,19358550,0x4fff91b49f5242d0f93b91394840211bffc9f459,0x0e7787f208fe58f68a70161d8425dc859cd8cd8c34546aaf67a8b114885900fe,1.0,268638736,Lv 3 Packaging box,https://icons.lumiterra.net/item-icon-794.png,1.53e+18,Lunacian #1,Lunacian #1,1.53,1.53
2024-08-09 11:40:42,Sale,0x076070104cf32dcb1183be474f0555f3b2e1b568,19358483,0x3758b62670d30e95d2a7d9a835267569b0813e8b,0x6c8acea7d3ef1e1a521d54c717ce1408080fb2a639302a7c21323b3ccc150125,4.0,1057296,Light Thin Film,https://icons.lumiterra.net/item-icon-34.png,1.9596e+18,lumiterra#1,Sandokasz,1.9596,0.4899
2024-08-09 11:40:00,Sale,0x5fc5f1f6cfad1d03e1b7b32f14d4c1afed7bb180,19358339,0x6eeccbadea1e4152631dedad9dc4e19cf73be2c8,0x8460ec4c5650d74735190f6cde00a17fe18b46a2142878653f6ff0514b87e1cb,1.0,1086992,Cotton Seed,https://icons.lumiterra.net/item-icon-150.png,4.8e+17,朝阳,Lunacian #2,0.48,0.48
2024-08-09 11:39:57,Sale,0xa36a629704eca1d2d0998e0cd469dfb39e3af2c7,19358334,0x14b95050ca4fd591b2a86dd5f5d63b5cbc0b05d9,0x51f4c97313286cde0b75209238f54a23d8b17f5b0c8f363c2abf2fa55ebd537b,1.0,368990489253055580236999320107932151408588560,Gathering Jacket,https://icons.lumiterra.net/item-icon-119.png,4e+18,Lunacian #5,Lunacian #4,4.0,4.0
2024-08-09 11:39:51,Sale,0xbcb08f871401fa0fa1f4c2ba4e33a050216da414,19358315,0xd26ebfd9dfb794b74a886d07a1b87d5603b47bfb,0x599d74979d03b733705e7ae1f2050223338b93c8c73daafe2fd9672b97b0122a,4.0,1064720,Desert Tree Wood,https://icons.lumiterra.net/item-icon-63.png,9.2e+17,Lark,emili0,0.92,0.23
2024-08-09 11:39:36,Sale,0x5fc5f1f6cfad1d03e1b7b32f14d4c1afed7bb180,19358200,0x6eeccbadea1e4152631dedad9dc4e19cf73be2c8,0xbfb9a9593ea9597e8dedf6d2619aa6abbc680866b6257b42bdcb2f477d288e8e,1.0,1086736,Pigmy Sundew Seed,https://icons.lumiterra.net/item-icon-149.png,4.6e+17,朝阳,Lunacian #2,0.46,0.46
2024-08-09 11:39:36,Sale,0x2367f82058fc7823a9213414dc2f1e9262569c2f,19358199,0x3758b62670d30e95d2a7d9a835267569b0813e8b,0xf49cc5e4e08a25167e4e8c08b26c863d1271082bba17c9d0a713a4b43eb4accf,3.0,1057552,Grass Demon Crown,https://icons.lumiterra.net/item-icon-35.png,2.31e+18,KL_StormBorn,Sandokasz,2.31,0.77
2024-08-09 11:39:36,Sale,0x02985a65381b5b4a0b70d52625b4adc8fdefbfc1,19358197,0x3758b62670d30e95d2a7d9a835267569b0813e8b,0xf49cc5e4e08a25167e4e8c08b26c863d1271082bba17c9d0a713a4b43eb4accf,1.0,1057552,Grass Demon Crown,https://icons.lumiterra.net/item-icon-35.png,7e+17,Lunacian #3,Sandokasz,0.7,0.7
2024-08-09 11:39:36,Sale,0xdd94ac4ae768e764ecefad4ae9f74dbcf1a8744d,19358196,0x3758b62670d30e95d2a7d9a835267569b0813e8b,0xf49cc5e4e08a25167e4e8c08b26c863d1271082bba17c9d0a713a4b43eb4accf,1.0,1057552,Grass Demon Crown,https://icons.lumiterra.net/item-icon-35.png,6.1e+17,Lunacian #0,Sandokasz,0.61,0.61
2024-08-09 11:39:36,Sale,0xc2b6854728e7bfff3aa6f05b5fba5dc084885954,19358195,0x3758b62670d30e95d2a7d9a835267569b0813e8b,0xf49cc5e4e08a25167e4e8c08b26c863d1271082bba17c9d0a713a4b43eb4accf,1.0,1057552,Grass Demon Crown,https://icons.lumiterra.net/item-icon-35.png,6.1e+17,Lunacian #5,Sandokasz,0.61,0.61
2024-08-09 11:39:36,Sale,0x49bcdf3c41b7cdb3fc247d972d1c872f7062a33a,19358194,0x3758b62670d30e95d2a7d9a835267569b0813e8b,0xf49cc5e4e08a25167e4e8c08b26c863d1271082bba17c9d0a713a4b43eb4accf,1.0,1057552,Grass Demon Crown,https://icons.lumiterra.net/item-icon-35.png,6e+17,KTOnline,Sandokasz,0.6,0.6
2024-08-09 11:39:36,Sale,0x5c7f2e30c1d1b0876e371a7da7f33a3399831783,19358193,0x3758b62670d30e95d2a7d9a835267569b0813e8b,0xf49cc5e4e08a25167e4e8c08b26c863d1271082bba17c9d0a713a4b43eb4accf,1.0,1057552,Grass Demon Crown,https://icons.lumiterra.net/item-icon-35.png,6e+17,Lunacian #0,Sandokasz,0.6,0.6
2024-08-09 11:39:00,Sale,0xbcb08f871401fa0fa1f4c2ba4e33a050216da414,19358061,0xd26ebfd9dfb794b74a886d07a1b87d5603b47bfb,0x5374b2ea3edea33f5c8ff224a66b0b495ea1c25e02bd7c49aa0d0efd7bd57f9b,8.0,1064720,Desert Tree Wood,https://icons.lumiterra.net/item-icon-63.png,1.84e+18,Lark,emili0,1.84,0.23
2024-08-09 11:38:48,Sale,0x035c9a5bcc727cac43a7c675bca8a560487c4061,19358037,0x3758b62670d30e95d2a7d9a835267569b0813e8b,0x5b87464084c9e2ce83e8b9f024b559db1d5bf86714321361c9d27d147f288d80,1.0,1057040,Mining Cat Sharp Fang,https://icons.lumiterra.net/item-icon-33.png,8.7e+17,Lunacian #4,Sandokasz,0.87,0.87
2024-08-09 11:38:48,Sale,0xa47f222b7af34202e6a26933535462bf0d7682a4,19358034,0x3758b62670d30e95d2a7d9a835267569b0813e8b,0x5b87464084c9e2ce83e8b9f024b559db1d5bf86714321361c9d27d147f288d80,1.0,1057040,Mining Cat Sharp Fang,https://icons.lumiterra.net/item-icon-33.png,8.6e+17,Lunacian #0,Sandokasz,0.86,0.86
2024-08-09 11:38:48,Sale,0x2399c79b7f6f4f8e91601a8a6eb209d709e425bb,19358033,0x3758b62670d30e95d2a7d9a835267569b0813e8b,0x5b87464084c9e2ce83e8b9f024b559db1d5bf86714321361c9d27d147f288d80,1.0,1057040,Mining Cat Sharp Fang,https://icons.lumiterra.net/item-icon-33.png,7.6e+17,Quardi,Sandokasz,0.76,0.76
2024-08-09 11:38:48,Sale,0x8d7f3b16b768103fccd2b7029eb5229a4959c375,19358032,0x3758b62670d30e95d2a7d9a835267569b0813e8b,0x5b87464084c9e2ce83e8b9f024b559db1d5bf86714321361c9d27d147f288d80,1.0,1057040,Mining Cat Sharp Fang,https://icons.lumiterra.net/item-icon-33.png,7.6e+17,Lunacian #4,Sandokasz,0.76,0.76
2024-08-09 11:38:48,Sale,0x49bcdf3c41b7cdb3fc247d972d1c872f7062a33a,19358031,0x3758b62670d30e95d2a7d9a835267569b0813e8b,0x5b87464084c9e2ce83e8b9f024b559db1d5bf86714321361c9d27d147f288d80,2.0,1057040,Mining Cat Sharp Fang,https://icons.lumiterra.net/item-icon-33.png,1.5e+18,KTOnline,Sandokasz,1.5,0.75
2024-08-09 11:38:48,Sale,0xe076b6a49752d3413ed0da854c021272aecbda65,19358030,0x3758b62670d30e95d2a7d9a835267569b0813e8b,0x5b87464084c9e2ce83e8b9f024b559db1d5bf86714321361c9d27d147f288d80,1.0,1057040,Mining Cat Sharp Fang,https://icons.lumiterra.net/item-icon-33.png,7.2e+17,TheConductor,Sandokasz,0.72,0.72
2024-08-09 11:38:48,Sale,0xbcb08f871401fa0fa1f4c2ba4e33a050216da414,19358029,0x3758b62670d30e95d2a7d9a835267569b0813e8b,0x5b87464084c9e2ce83e8b9f024b559db1d5bf86714321361c9d27d147f288d80,1.0,1057040,Mining Cat Sharp Fang,https://icons.lumiterra.net/item-icon-33.png,7e+17,Lark,Sandokasz,0.7,0.7
2024-08-09 11:38:42,Sale,0x8d5d9a0d0c16ff2ee18b5efe8d8d570feda42ec0,19358010,0xb0dc06303e8a315efa1b95dbd7d43f5150e25fdc,0x0be40205151de47c1d788cd25ac79a6bf1d4ab973da8968af7b0cd84676c8e48,2.0,268638224,Lv 1 Packaging box,https://icons.lumiterra.net/item-icon-792.png,1.02e+18,Lunacian #0,Lunacian #1,1.02,0.51
2024-08-09 11:38:39,Sale,0x02f844e2f42117e02c0e108c9cc38be51aa1c29f,19358003,0x73229f687b0a008176f74f717d09ce2a93d5eac6,0x88c59a56ec4b9a11cd4bff9a105c72d0d7ab1d31ea95bfc5bcc771f35d1fb768,2.0,1103888,Lv 1 Combat Essence,https://icons.lumiterra.net/item-icon-216.png,5.08e+18,Lunacian #1,Lord Abe,5.08,2.54
2024-08-09 11:38:09,Sale,0x5fc5f1f6cfad1d03e1b7b32f14d4c1afed7bb180,19357678,0xd692e86a9e0e3259ac0ef575a47f248fd5bb2fd0,0x22aed1fc4bc901d61d8dec4421b402742a83692880a3ab2e3eff300e2c72d913,5.0,1085968,Bamboo Seed,https://icons.lumiterra.net/item-icon-146.png,9.5e+17,朝阳,Lunacian #我,0.95,0.19
2024-08-09 11:38:00,Sale,0xfebbdd716b393af2df347aa3ae6b4992698d4946,19357661,0xdc448d92f6694e10c97c8b1623f69ab52fcdbb81,0xdc6cda6662b1e98c5fb876216ff3ac4f31ef3717927c3fae2740e1a6f2d2f273,1.0,268558864,Lv 1 Energy Slime,https://icons.lumiterra.net/item-icon-482.png,2e+18,sayuri,maab2021,2.0,2.0
2024-08-09 11:37:24,Sale,0x424a4cfd3c1b89153a398571d3cdfd9028da9224,19357170,0xc60440e613abf7615f566728519d56e54915514d,0xb08fa1bb0b8f801d66cbeb2e9d6fbca3997d97f0f3e3eccda84c8ce48e4a86e1,1.0,91343852333181432387730302044796597133310634256,Gather Material 0-3_20240812,https://icons.lumiterra.net/item-icon-809.png,4.2e+17,Lunacian #4,Lunacian #3,0.42,0.42
2024-08-09 11:37:24,Sale,0x9f225aa39d87eb4c19f197cb4b5d720b65d77d06,19357169,0xc60440e613abf7615f566728519d56e54915514d,0xb08fa1bb0b8f801d66cbeb2e9d6fbca3997d97f0f3e3eccda84c8ce48e4a86e1,1.0,91343852333181432387730302044796597133310634256,Gather Material 0-3_20240812,https://icons.lumiterra.net/item-icon-809.png,4.1e+17,Lunacian #0,Lunacian #3,0.41,0.41
2024-08-09 11:37:24,Sale,0x016d464484f45f399b279bf4ce3505bcb9048538,19357168,0xc60440e613abf7615f566728519d56e54915514d,0xb08fa1bb0b8f801d66cbeb2e9d6fbca3997d97f0f3e3eccda84c8ce48e4a86e1,4.0,91343852333181432387730302044796597133310634256,Gather Material 0-3_20240812,https://icons.lumiterra.net/item-icon-809.png,1.56e+18,纳萨力克地下大坟墓,Lunacian #3,1.56,0.39
2024-08-09 11:37:09,Sale,0x1dc10af4bd6ebeb9c1e6c698d4ae69cac84a4501,19357144,0x88324fcb7a03b9ef4450d09fbf6e8772cb41eda4,0x11577da2e41c0b0d4163551d92e12e95865b50418fbcae5b2b5e8a4178db70ee,1.0,1055760,Feed - Small,https://icons.lumiterra.net/item-icon-28.png,1.52e+18,Yaphets712,Fesh,1.52,1.52
2024-08-09 11:37:06,Sale,0xbcb08f871401fa0fa1f4c2ba4e33a050216da414,19357138,0x73229f687b0a008176f74f717d09ce2a93d5eac6,0x74ab6f0d0cf8d5020ff66d7a35a8f6f813f912f33c066bfecb878467b50c804c,10.0,1064720,Desert Tree Wood,https://icons.lumiterra.net/item-icon-63.png,2.3e+18,Lark,Lord Abe,2.3,0.22999999999999998
2024-08-09 11:36:57,Sale,0x14467e70f72ccad3f4620622650d709a12e65d4a,19357124,0x3014c5ecd390fcf9511d5ef180a6f56a51a51aeb,0xf4b6f27cce51bfe3cd2ba4e365d1700a62f4921dd8a019e89b03ac7204860769,1.0,268558096,Empty Bottle,https://icons.lumiterra.net/item-icon-479.png,4.1e+17,0x14467e70f72ccad3f4620622650d709a12e65d4a,Lunacian #3,0.41,0.41
2024-08-09 11:36:42,Sale,0xfebbdd716b393af2df347aa3ae6b4992698d4946,19357044,0x6d6e19b7b7d2f5e929dc7566ca35b59a93c4ed43,0x16d52b13bbc48f8494b460c730ae623ba7d31832717358d646e25a6d5d1b56af,1.0,268558864,Lv 1 Energy Slime,https://icons.lumiterra.net/item-icon-482.png,2e+18,sayuri,Lunacian #5,2.0,2.0
2024-08-09 11:36:12,Sale,0x5fc5f1f6cfad1d03e1b7b32f14d4c1afed7bb180,19356499,0x5b2ab6a652ec5037a8c8f9777421577c3e91ee2f,0x9232c50bb56c9c7927472ec8c2d81319261ce1f0fb2c3f75ef56febb18791866,1.0,1085968,Bamboo Seed,https://icons.lumiterra.net/item-icon-146.png,1.9e+17,朝阳,Lunacian #0,0.19,0.19
2024-08-09 11:36:00,Sale,0x1d504e3ed094bd34e78710cc00fd31bef399d610,19356480,0x8272fc5f2bde652a37afcf6d3e3cd95af88ca385,0xf8d645c7b7c75dd6198e43b28236ed2c4e4a9f48e991685129d300e5dc71ce10,2.0,268558864,Lv 1 Energy Slime,https://icons.lumiterra.net/item-icon-482.png,4e+18,Lunacian #26197676,jinmu,4.0,2.0
2024-08-09 11:35:42,Sale,0x19172549a42b5f0aff75173b83b7814144382c70,19356424,0x885f158355954524e448a42fa79867b3eeaf50c9,0xc0cad6f03e431d8ca9bce150188f64af26be0cce4773ec519c9210ebab03a2f4,1.0,1103120,Lv 1 Agricultural Livestock Essence,https://icons.lumiterra.net/item-icon-213.png,3.9e+18,HunterThanh,Lunacian #0,3.9,3.9
2024-08-09 11:35:30,Sale,0x8d5d9a0d0c16ff2ee18b5efe8d8d570feda42ec0,19356398,0x5ba5c2a1b170402577faea8f505e41d14c875050,0xee54d753263cfd882f970a13cfe3da9e7b232206753bb05020ef67eb8c60e463,2.0,1102352,Lv 1 Agricultural Planting Essence,https://icons.lumiterra.net/item-icon-210.png,9.3e+18,Lunacian #0,jaymoon,9.3,4.65
2024-08-09 11:35:24,Sale,0x02f844e2f42117e02c0e108c9cc38be51aa1c29f,19356387,0x3014c5ecd390fcf9511d5ef180a6f56a51a51aeb,0xf3d57439763e3217a81b6c631288aef058fdfb634830e6ff6e8ccc8c11e4fce6,1.0,1103888,Lv 1 Combat Essence,https://icons.lumiterra.net/item-icon-216.png,2.54e+18,Lunacian #1,Lunacian #3,2.54,2.54
2024-08-09 11:35:00,Sale,0xefc31fa7eaacaa7010e9ddc7ff7139c7fefcd9be,19355889,0x127417795c78ca6c2461ee6b0605bf0d9b1d123c,0x26172c366dc46598bed1e17fdaeb257e004c3c1032a89effc8c7485462233328,1.0,268634640,Junior Farming Admission Ticket,https://icons.lumiterra.net/item-icon-778.png,2.5e+18,Lunacian #2,Reicheru | Kokushibo,2.5,2.5
2024-08-09 11:35:00,Sale,0x00f4eac6d0b2704684fc8c20ba92ec19cdae7838,19355888,0xd34e1d2880a2ab90cd6efc0aca3b78b55e074a6d,0xe75e4d8cb3f8ed9f8185537db198d3873fa6e7f75fc334d4e7f42d15bb647d60,1.0,1103120,Lv 1 Agricultural Livestock Essence,https://icons.lumiterra.net/item-icon-213.png,3.89e+18,Lunacian #26176218,1592,3.89,3.89
2024-08-09 11:34:57,Sale,0xf4c03be4675d37a7722c8863ce44bdc536216cf0,19355859,0x30341dc44c9ba2f595eabe638aa6e17772a38efb,0x118f1e2faf3b7730de512fac8f9ba3d607e8116fdbf86f7ff3a11a03d1709d35,1.0,1103120,Lv 1 Agricultural Livestock Essence,https://icons.lumiterra.net/item-icon-213.png,3.889999999e+18,Xyndrix,ThaiHung19,3.889999999,3.889999999
2024-08-09 11:34:54,Sale,0x4df748b847c565bd654c6c18380358b5d77c7543,19355843,0x127417795c78ca6c2461ee6b0605bf0d9b1d123c,0xc2543434b8ea0ada3923eca06881a7c2d16379c2a06187306b72d5e7539b36bc,1.0,268633872,Junior Gather Admission Ticket,https://icons.lumiterra.net/item-icon-775.png,2.89e+18,StefjkenNoLeSabe,Reicheru | Kokushibo,2.89,2.89
2024-08-09 11:34:45,Sale,0x482608f8c83ed4a26cba241c8ed6e31f692317b9,19355827,0x95ab28daab5614c5e2a4eb9f3f221f7bd35f8a4d,0xf606214b8e5dd5f53bdda6bcc09429b8c02c5293126da60fd7ccc00a521bb69e,3.0,268558096,Empty Bottle,https://icons.lumiterra.net/item-icon-479.png,1.17e+18,给我往死里卷,Lunacian #2,1.17,0.38999999999999996
2024-08-09 11:34:45,Sale,0x5f4d65c4ac0c8d8e88215a991f54906306c2a8b0,19355826,0x95ab28daab5614c5e2a4eb9f3f221f7bd35f8a4d,0xf606214b8e5dd5f53bdda6bcc09429b8c02c5293126da60fd7ccc00a521bb69e,1.0,268558096,Empty Bottle,https://icons.lumiterra.net/item-icon-479.png,3.8e+17,Lunacian #4,Lunacian #2,0.38,0.38
2024-08-09 11:34:45,Sale,0x998e00fddaa885024aa39ecb378c10b05e895f6d,19355825,0x95ab28daab5614c5e2a4eb9f3f221f7bd35f8a4d,0xf606214b8e5dd5f53bdda6bcc09429b8c02c5293126da60fd7ccc00a521bb69e,3.0,268558096,Empty Bottle,https://icons.lumiterra.net/item-icon-479.png,1.14e+18,Lunacian #3,Lunacian #2,1.14,0.37999999999999995
2024-08-09 11:34:42,Sale,0x639cc98859c89038684970091b7421be40b0e9e3,19355808,0xd767cec30e38f6aac1697bed5236889b0035ceda,0x7ec7f572186a1326848ae6707e13a01dd3febf63b24ac85c1057e2b60b5a28cf,1.0,1101584,Lv 1 Gather Essence,https://icons.lumiterra.net/item-icon-207.png,2.48e+18,lulz,Lunacian #4,2.48,2.48
2024-08-09 11:34:42,Sale,0xce75ab74a7906ad37862a6b2a1fd4c57b1a07bf4,19355807,0xd767cec30e38f6aac1697bed5236889b0035ceda,0x7ec7f572186a1326848ae6707e13a01dd3febf63b24ac85c1057e2b60b5a28cf,1.0,1101584,Lv 1 Gather Essence,https://icons.lumiterra.net/item-icon-207.png,2.44e+18,sealcill,Lunacian #4,2.44,2.44
2024-08-09 11:34:03,Sale,0xbb0aca1654027299950b3ee0e4962407fe064c2c,19355237,0xf31e8a1e8ebd3b2b9c22d4af663520ebe46cff69,0xc9a3ccfb5b69bcbcfe2c8352ed2eea55c9bbbbd9e5c2816aa3e8fac3482bae45,2.0,268636176,Lv 2 Packaging Paper,https://icons.lumiterra.net/item-icon-784.png,2.6e+17,Armageto,lucian66,0.26,0.13
2024-08-09 11:33:51,Sale,0xf4ddf3e9adf61341eebcaf768c24d1804c0365c7,19355205,0x6eeccbadea1e4152631dedad9dc4e19cf73be2c8,0xa864003e12757cac7879cc922d1e5e6151bede9c345c4b7f7e39739970b63dde,1.0,268617488,Lv 3 Energy Restoration Potion 2.0,https://icons.lumiterra.net/item-icon-711.png,4.04e+18,Lunacian #4,Lunacian #2,4.04,4.04
2024-08-09 11:33:48,Sale,0xbcb08f871401fa0fa1f4c2ba4e33a050216da414,19355199,0x9742417e1e8e1b8a4e30044b6f0c708a54c034d6,0xb9b0e93329c158c7620fce76c14e25f61b3be03e4356929079f4b75f0ab17156,1.0,93102835135237002310085003554714042547323360032,Golden Fighter Shoes,https://icons.lumiterra.net/item-icon-339.png,2.2e+20,Lark,Lunacian #26295709,220.0,220.0
2024-08-09 11:33:45,Sale,0x00f4eac6d0b2704684fc8c20ba92ec19cdae7838,19355190,0xab3de43f3590c8e35a295c557bbd8dcb47b581a2,0x126cd0da127d35d7abc06cd5c877959c30023e05e5a8f2b476b71216a9d7f23b,1.0,1103888,Lv 1 Combat Essence,https://icons.lumiterra.net/item-icon-216.png,2.44e+18,Lunacian #26176218,Lunacian #26204358,2.44,2.44
2024-08-09 11:33:27,Sale,0xfd50e8e059088a07d9abed9ee719aec94d2614f9,19355103,0xe730f57f99b7e1082d568ee602fbb81045f600cb,0x81e280caa4a296028088689cba974143bd415678c97b914829ad0c4e5b8a47ec,1.0,1101584,Lv 1 Gather Essence,https://icons.lumiterra.net/item-icon-207.png,2.44e+18,NeiTeBiu,Lunacian #0,2.44,2.44
2024-08-09 11:33:27,Sale,0xbcb08f871401fa0fa1f4c2ba4e33a050216da414,19355102,0x9742417e1e8e1b8a4e30044b6f0c708a54c034d6,0xe6aa965e1584f5cf8d38b8531383a0f4cdc24c7e9b7a36b49ceeba6c2b561bfb,1.0,94430784849762793385624831291335973082356600608,Golden Fighter Hat,https://icons.lumiterra.net/item-icon-335.png,2.2e+20,Lark,Lunacian #26295709,220.0,220.0
2024-08-09 11:33:00,Sale,0x482608f8c83ed4a26cba241c8ed6e31f692317b9,19354596,0xa80646d4659fca5b9ecf46c22d9057b8c5ee0db5,0x8f37a702d2b4c8e208f80ba7320e9b825cdee2a5410b82c0c7394071734b8b92,1.0,268558096,Empty Bottle,https://icons.lumiterra.net/item-icon-479.png,3.9e+17,给我往死里卷,Lunacian #2,0.39,0.39
2024-08-09 11:32:51,Sale,0x482608f8c83ed4a26cba241c8ed6e31f692317b9,19354571,0xd99a8774605fd35c0630722d39cc42e80275ff2b,0x0468035af82ddd2a0e0bfdfb39d5ea28453e314ad0d4201904e602f6c270a7b0,5.0,268558096,Empty Bottle,https://icons.lumiterra.net/item-icon-479.png,1.95e+18,给我往死里卷,Lunacian #4,1.95,0.39
2024-08-09 11:32:48,Sale,0xe7791aa3835f859e7779ffc4dca6c32cea8cc611,19354570,0xab3de43f3590c8e35a295c557bbd8dcb47b581a2,0x4763fbb245d6005a8dd88853da8413057d1f347121c1851a3b21e14c9d9413d1,2.0,1103888,Lv 1 Combat Essence,https://icons.lumiterra.net/item-icon-216.png,4.9e+18,Lunacian #2,Lunacian #26204358,4.9,2.45
2024-08-09 11:32:30,Sale,0x6eac79c28e253385f8e29f80f47be52b8739a15f,19354485,0x632375f4c2968d91f06f9932e19ddb3864d1463e,0x539a26dc53eea5df27bf0e2d542aa930092ebed338c77d91799bf170acf899aa,5.0,1101840,Lv 2 Gather Essence,https://icons.lumiterra.net/item-icon-208.png,6.675e+19,Lunacian #1,Avalistars,66.75,13.35
2024-08-09 11:32:30,Sale,0xa3f5d2b9cc1184414ea70170049f581f3f43fcad,19354484,0x632375f4c2968d91f06f9932e19ddb3864d1463e,0x539a26dc53eea5df27bf0e2d542aa930092ebed338c77d91799bf170acf899aa,1.0,1101840,Lv 2 Gather Essence,https://icons.lumiterra.net/item-icon-208.png,1.3e+19,Lunacian #3,Avalistars,13.0,13.0
2024-08-09 11:32:03,Sale,0x31b5b08202dd1483d06db8eb0e40b1fb1ee74e5f,19354385,0xb110fd66cb6d54dc0ae2b4c39ad8b8b2f6ece387,0xa38212612ba821073ce3120e0c5d10496427e2c1e1b7247bfd7a432b9a229613,2.0,1055760,Feed - Small,https://icons.lumiterra.net/item-icon-28.png,3e+18,Oreooo,Hitagi,3.0,1.5
2024-08-09 11:31:57,Sale,0x035c9a5bcc727cac43a7c675bca8a560487c4061,19354379,0xb81c8a33a8e7d6ea7869cc9774d133a6d420bec6,0x1e32874ceaea88bb4cb8cee8148672373c0ea44a9838f6ec6c1d513d72f4273c,1.0,268559376,Lv 3 Energy Slime,https://icons.lumiterra.net/item-icon-484.png,9.4e+18,Lunacian #4,Lunacian #5,9.4,9.4
2024-08-09 11:31:48,Sale,0xe7791aa3835f859e7779ffc4dca6c32cea8cc611,19354169,0xab3de43f3590c8e35a295c557bbd8dcb47b581a2,0x78747e1e2b57fd32cbbb4fe8ee5e6074af061ff31044e351719ca685c1f7fcc5,1.0,1103888,Lv 1 Combat Essence,https://icons.lumiterra.net/item-icon-216.png,2.45e+18,Lunacian #2,Lunacian #26204358,2.45,2.45
2024-08-09 11:31:48,Sale,0xa36a629704eca1d2d0998e0cd469dfb39e3af2c7,19354168,0xe730f57f99b7e1082d568ee602fbb81045f600cb,0x4a151e02f2d61a2e0702761fc5800d854a7b751445bbf9dc2bc2d3c1ad901d1a,1.0,1101584,Lv 1 Gather Essence,https://icons.lumiterra.net/item-icon-207.png,2.45e+18,Lunacian #5,Lunacian #0,2.45,2.45
2024-08-09 11:31:21,Sale,0xfd50e8e059088a07d9abed9ee719aec94d2614f9,19354107,0xab3de43f3590c8e35a295c557bbd8dcb47b581a2,0xe5e0c9d7149e65a327def25d5aae9c607dc6379a8b6ab48b51bcd4df04835c38,1.0,1103888,Lv 1 Combat Essence,https://icons.lumiterra.net/item-icon-216.png,2.5e+18,NeiTeBiu,Lunacian #26204358,2.5,2.5
2024-08-09 11:31:18,Sale,0x424a4cfd3c1b89153a398571d3cdfd9028da9224,19354103,0x0ed882e5bcfc6022941a45738fe3c530daec7f5c,0x079ca01c8d7430ee6cf94e237cfc6d2e1e600a784326f3e762844a4d3d6d817b,30.0,91343852333181432387730302044796597133310634256,Gather Material 0-3_20240812,https://icons.lumiterra.net/item-icon-809.png,1.26e+19,Lunacian #4,Lunacian #0,12.6,0.42
2024-08-09 11:31:12,Sale,0x43e81dc922eeb84f3125fc23ff0991b02977d1d9,19354084,0x0f8d556a177c1119cedf1b2d291b4eb0978b59ab,0x242d24783f4ae89c03549a866fa5291840acfe30a26acedfdc358b609d259071,1.0,1086992,Cotton Seed,https://icons.lumiterra.net/item-icon-150.png,2.5e+17,Lunacian #4,Lunacian #5,0.25,0.25
2024-08-09 11:31:12,Sale,0x482608f8c83ed4a26cba241c8ed6e31f692317b9,19354083,0x0f8d556a177c1119cedf1b2d291b4eb0978b59ab,0x242d24783f4ae89c03549a866fa5291840acfe30a26acedfdc358b609d259071,1.0,1086992,Cotton Seed,https://icons.lumiterra.net/item-icon-150.png,2.5e+17,给我往死里卷,Lunacian #5,0.25,0.25
2024-08-09 11:31:12,Sale,0xeb3c1a74fbd50bc4a19e55ecc39e8adffb3b7f28,19354082,0x0f8d556a177c1119cedf1b2d291b4eb0978b59ab,0x242d24783f4ae89c03549a866fa5291840acfe30a26acedfdc358b609d259071,4.0,1086992,Cotton Seed,https://icons.lumiterra.net/item-icon-150.png,9.96e+17,Soyllo,Lunacian #5,0.996,0.249
2024-08-09 11:30:57,Sale,0x1b85300a9b17f1c2f3b339c82739171b21204c96,19354045,0xab3de43f3590c8e35a295c557bbd8dcb47b581a2,0x7447111b2e150ef916d8fd8781aaf4edd2c54f364de581caafa99ad2e191c27e,1.0,1103888,Lv 1 Combat Essence,https://icons.lumiterra.net/item-icon-216.png,2.5e+18,Lunacian #26179179,Lunacian #26204358,2.5,2.5
2024-08-09 11:30:51,Sale,0x9b4dcf8e48d3264418e71c87d368e49a5b445b40,19354036,0x7b7ce40b2135eb8aa975b5a3a912a99c125a5617,0x1c5facac75e950dfe7149cd0d8b124d85e638ff72eaa25a03bab3ebc52742462,3.0,1055760,Feed - Small,https://icons.lumiterra.net/item-icon-28.png,4.5e+18,Lunacian #0,Lunacian #2,4.5,1.5
2024-08-09 11:30:45,Sale,0x10c38414abbaf545d3fefa22b2b7807f6976a750,19353937,0xab3de43f3590c8e35a295c557bbd8dcb47b581a2,0x680cc81b32aa9068c2cc9e34c0b300d26fa95ab3739792536b5f2d585018828b,1.0,1103888,Lv 1 Combat Essence,https://icons.lumiterra.net/item-icon-216.png,2.49e+18,Lunacian #3,Lunacian #26204358,2.49,2.49
2024-08-09 11:30:39,Sale,0xf6f605d09367962c74af91ce8005b6d1711ba164,19353929,0x885f158355954524e448a42fa79867b3eeaf50c9,0xbf16a3b31d7321c3c6eea7c7c0bd4a4a504a26b5c4013fd82414774c88ba769f,1.0,1102352,Lv 1 Agricultural Planting Essence,https://icons.lumiterra.net/item-icon-210.png,4.64e+18,Lunacian #5,Lunacian #0,4.64,4.64
2024-08-09 11:30:33,Sale,0xe7dd2bbaae094dbe4d7572a33fd69d15f3ef0f96,19353923,0xab3de43f3590c8e35a295c557bbd8dcb47b581a2,0x85d506aae3dd6decf688f0bbdb9cc9d703b15b9fe6fb2b1090523bbeecb024dc,1.0,1103888,Lv 1 Combat Essence,https://icons.lumiterra.net/item-icon-216.png,2.48e+18,Lunacian #0,Lunacian #26204358,2.48,2.48
2024-08-09 11:30:21,Sale,0xa864208695a4103718adb0229be3ac707e8ac93d,19353902,0x73229f687b0a008176f74f717d09ce2a93d5eac6,0x5baa89d0d8d6e8dc6ee6cd74930be60e8fe69d8098058f9b499e5ee0e2c2bf86,1.0,268638480,Lv 2 Packaging box,https://icons.lumiterra.net/item-icon-793.png,9.3e+17,Phan Hoài Nhân,Lord Abe,0.93,0.93
2024-08-09 11:30:15,Sale,0x1535e438ab4e2cb18413cdb5e4c3cc23971dd810,19353889,0x632375f4c2968d91f06f9932e19ddb3864d1463e,0x7c04f8c27501ad216daa603c9d03a744b203b8c2807b7f1b328f1a667ee201c7,1.0,1102864,Lv 3 Agricultural Planting Essence,https://icons.lumiterra.net/item-icon-212.png,5.18e+19,offers dc : wargos,Avalistars,51.8,51.8
2024-08-09 11:30:15,Sale,0xec45c864fa7462cff93a72b51b7f1afe22f6f070,19353888,0x632375f4c2968d91f06f9932e19ddb3864d1463e,0x7c04f8c27501ad216daa603c9d03a744b203b8c2807b7f1b328f1a667ee201c7,1.0,1102864,Lv 3 Agricultural Planting Essence,https://icons.lumiterra.net/item-icon-212.png,5.179e+19,Lunacian #0,Avalistars,51.79,51.79
2024-08-09 11:30:15,Sale,0x1c393580870594adb2374e0d34967037343e18be,19353887,0x632375f4c2968d91f06f9932e19ddb3864d1463e,0x7c04f8c27501ad216daa603c9d03a744b203b8c2807b7f1b328f1a667ee201c7,1.0,1102864,Lv 3 Agricultural Planting Essence,https://icons.lumiterra.net/item-icon-212.png,5.15e+19,janchinaman,Avalistars,51.5,51.5
2024-08-09 11:30:03,Sale,0xf348363b499b587359c677939f4530fb9e747581,19353844,0x88324fcb7a03b9ef4450d09fbf6e8772cb41eda4,0x7a2815287827aee7719726e5b6207fa6b0ececc4cf1f8ae4760e8c572a1bb589,1.0,1055760,Feed - Small,https://icons.lumiterra.net/item-icon-28.png,1.5e+18,Lunacian #3,Fesh,1.5,1.5
2024-08-09 11:30:03,Sale,0xbce1aa6120e602b9eb1e7a28e175e6bd9d5fadaa,19353843,0x88324fcb7a03b9ef4450d09fbf6e8772cb41eda4,0x7a2815287827aee7719726e5b6207fa6b0ececc4cf1f8ae4760e8c572a1bb589,1.0,1055760,Feed - Small,https://icons.lumiterra.net/item-icon-28.png,1.49e+18,Lunacian #3,Fesh,1.49,1.49
2024-08-09 11:30:00,Sale,0x619eecd30be9c263ba30942e236753a1a41b98da,19353837,0xf5a9dd96d5041b0394b47bd1ea532e4072213000,0x34560fed58de3d614596b13b100285a903243d26e0ff5249f414af009729ac6b,1.0,368889973165862067605227111605427029829429264,Stone Sword,https://icons.lumiterra.net/item-icon-40.png,1e+19,gianght,Lunacian #0,10.0,10.0
2024-08-09 11:29:51,Sale,0x0cf45484ac5ca6d0980daef10df400edb3d46608,19353814,0x632375f4c2968d91f06f9932e19ddb3864d1463e,0xa64486348b6e938eb3f6d70247db5f701c26a3cceea141bd5bb447b0148d1ee3,2.0,1103632,Lv 3 Agricultural Livestock Essence,https://icons.lumiterra.net/item-icon-215.png,1.16e+20,Lunacian #2,Avalistars,116.0,58.0
2024-08-09 11:29:51,Sale,0x91f536d8b3763c0330bdf1ad3d542ba5ddc7e409,19353813,0x632375f4c2968d91f06f9932e19ddb3864d1463e,0xa64486348b6e938eb3f6d70247db5f701c26a3cceea141bd5bb447b0148d1ee3,1.0,1103632,Lv 3 Agricultural Livestock Essence,https://icons.lumiterra.net/item-icon-215.png,5.5e+19,Lunacian #3,Avalistars,55.0,55.0
2024-08-09 11:29:45,Sale,0x482608f8c83ed4a26cba241c8ed6e31f692317b9,19353795,0x13e62e2b0ec27b255b3a5363e14c5002edbdc361,0x719d2b6c95c2aa0fd105dd38eb5793ed2e589e5b1a58492781ed50fd6e1afc87,2.0,268558096,Empty Bottle,https://icons.lumiterra.net/item-icon-479.png,7.8e+17,给我往死里卷,MyNameIsRoN,0.78,0.39
2024-08-09 11:29:45,Sale,0x0eb19d029cd1d7cddbb0c83da1fab938f6708499,19353794,0x13e62e2b0ec27b255b3a5363e14c5002edbdc361,0x719d2b6c95c2aa0fd105dd38eb5793ed2e589e5b1a58492781ed50fd6e1afc87,3.0,268558096,Empty Bottle,https://icons.lumiterra.net/item-icon-479.png,1.14e+18,Lunacian #4,MyNameIsRoN,1.14,0.37999999999999995
2024-08-09 11:29:45,Sale,0x8ecb3141e960de5035797edab731fdab41d0ef7b,19353793,0x13e62e2b0ec27b255b3a5363e14c5002edbdc361,0x719d2b6c95c2aa0fd105dd38eb5793ed2e589e5b1a58492781ed50fd6e1afc87,1.0,268558096,Empty Bottle,https://icons.lumiterra.net/item-icon-479.png,3.7e+17,Lunacian #0,MyNameIsRoN,0.37,0.37
2024-08-09 11:29:18,Sale,0xf417783f9b2852e64cee65161a5ac7a2e1f76c67,19353621,0x885f158355954524e448a42fa79867b3eeaf50c9,0x2a6b59216465665918ceacd74136535224ad79731a46f0d55b3828a51de82a43,1.0,363942499894033747592561875698945719587907600,Stone Sword,https://icons.lumiterra.net/item-icon-40.png,9e+18,Beto,Lunacian #0,9.0,9.0
2024-08-09 11:29:18,Sale,0x482608f8c83ed4a26cba241c8ed6e31f692317b9,19353620,0x5576f6090229c06a5a85c982e606c2684046f60c,0x9ed97eb554f0b05547cbb9354dfbfe9607d3796ac0c8f3509d91196e351d7f91,1.0,357023309181252414802882285835169393773656368,Crystal Stone Shoes,https://icons.lumiterra.net/item-icon-57.png,1.49e+20,给我往死里卷,:),149.0,149.0
2024-08-09 11:29:09,Sale,0x3722a0f22df4b917aa56a897bf881df62b355e79,19353611,0xa64b68824492a37e657eda1e4e4e0aaa2bb69bce,0xd8bf8688908b6825f2a20db74668bd1a50656f4d5bc3ec216ae331d25e56f58b,1.0,1086224,Trifolium Seed,https://icons.lumiterra.net/item-icon-147.png,3.3e+17,WKparalyzed #1,NSI #26221486,0.33,0.33
2024-08-09 11:29:00,Sale,0x4df748b847c565bd654c6c18380358b5d77c7543,19353602,0x310b03931871f37d2cdcdb02bf2068f2e4a08314,0xff66f71dbac2485ee69101eb9c4c6fbd80d49bb8fddbd0b1b820962da4d38d25,1.0,268558864,Lv 1 Energy Slime,https://icons.lumiterra.net/item-icon-482.png,1.99e+18,StefjkenNoLeSabe,GUG,1.99,1.99
2024-08-09 11:28:57,Sale,0xedb2b3b7383164d8586aa7bd61ae74c0e91dc9e8,19353595,0x1535e438ab4e2cb18413cdb5e4c3cc23971dd810,0x6a0f7ad35bd37106fa603577ba210679f3ff5b1d8c5d20adbe81cf339448bfa8,4.0,268617488,Lv 3 Energy Restoration Potion 2.0,https://icons.lumiterra.net/item-icon-711.png,1.6e+19,Lunacian #2,offers dc : wargos,16.0,4.0
2024-08-09 11:28:57,Sale,0x8f2682c16247f5d0b7e11a8dcea372ffb72f4b25,19353594,0x1535e438ab4e2cb18413cdb5e4c3cc23971dd810,0x6a0f7ad35bd37106fa603577ba210679f3ff5b1d8c5d20adbe81cf339448bfa8,1.0,268617488,Lv 3 Energy Restoration Potion 2.0,https://icons.lumiterra.net/item-icon-711.png,4e+18,Lunacian #3,offers dc : wargos,4.0,4.0
2024-08-09 11:28:39,Sale,0x43e81dc922eeb84f3125fc23ff0991b02977d1d9,19353550,0xa3574aca1a411ec905e4b472d0a75227dc5ba23c,0x1477c8cca45662aadfdb1cb99859ebd134d3fb3ef37fc101ee6653a9167ee7a9,1.0,268638480,Lv 2 Packaging box,https://icons.lumiterra.net/item-icon-793.png,9.5e+17,Lunacian #4,Dangq,0.95,0.95
2024-08-09 11:28:30,Sale,0x3e3e24eca69a3b81b35f4b29d2332797f8c11200,19353237,0x885f158355954524e448a42fa79867b3eeaf50c9,0xefdf2de8de64d9b8725fe9038b6a336955f2b50d735f6910bc2a01c50c5251fd,1.0,378383233936150452087136607375343181715482640,Stone Sword,https://icons.lumiterra.net/item-icon-40.png,9e+18,Lunacian #26312959,Lunacian #0,9.0,9.0
2024-08-09 11:28:03,Sale,0x43e81dc922eeb84f3125fc23ff0991b02977d1d9,19353190,0xf31e8a1e8ebd3b2b9c22d4af663520ebe46cff69,0xae017cfc9668799038bc314d5d47e52618225cf05db81303851d75ce9f6cfbaf,1.0,268638480,Lv 2 Packaging box,https://icons.lumiterra.net/item-icon-793.png,9.5e+17,Lunacian #4,lucian66,0.95,0.95
2024-08-09 11:28:00,Sale,0x0eb19d029cd1d7cddbb0c83da1fab938f6708499,19353182,0xce90b35622531d82c990edf698a51b8e8eda9d17,0x50f70db553f6c82629e3517d650d2d7917ab9972d329c874a2eedd4bfdd7be4f,3.0,268558096,Empty Bottle,https://icons.lumiterra.net/item-icon-479.png,1.14e+18,Lunacian #4,Lunacian #1,1.14,0.37999999999999995
2024-08-09 11:27:54,Sale,0x48a12a1c03ff6bfb43ca22d53af0a307de42d4b9,19353168,0x30341dc44c9ba2f595eabe638aa6e17772a38efb,0x6502c2d2e011a2e823a5d7e059b8419a398797b9077f3a5040868eff30791938,1.0,1102352,Lv 1 Agricultural Planting Essence,https://icons.lumiterra.net/item-icon-210.png,4.67e+18,Lunacian #1,ThaiHung19,4.67,4.67
2024-08-09 11:27:27,Sale,0xfbf5918700bde177e600cbec47153e7ec70f72a5,19352686,0x58f63b197a69e58238662148e1aea4df836325d0,0x630bdd282793e327f92508467fbb527c66989ff1d0fb3a6104bb73146325b1fc,1.0,268559376,Lv 3 Energy Slime,https://icons.lumiterra.net/item-icon-484.png,9.39e+18,Lunacian #0,SolonEryx,9.39,9.39
2024-08-09 11:27:12,Sale,0x5fc5f1f6cfad1d03e1b7b32f14d4c1afed7bb180,19352654,0x7d106d20453bf643b2c1501790b3185fd2e45e06,0x5874ee4792db0e2158524d041fb2e0387cd55fcbf6b5ec65f6ad92f0bd6eaaa7,2.0,1086480,Carrot Seed,https://icons.lumiterra.net/item-icon-148.png,5.8e+17,朝阳,Lunacian #2,0.58,0.29
2024-08-09 11:27:03,Sale,0xfee934b5aaee71e892642153389b58026221eb70,19352619,0x16ac3ba89c073ece1c2b578ac58f06769094db34,0x7a963c81855cc7445dfd64d0635300d22f9f430470c260a926957e65957ed97c,5.0,268638224,Lv 1 Packaging box,https://icons.lumiterra.net/item-icon-792.png,2.495e+18,Lunacian #4,Lunacian #5,2.495,0.499
2024-08-09 11:26:27,Sale,0x0844e7f2cf52d254037dab86f6056cd2639379bd,19352441,0x885f158355954524e448a42fa79867b3eeaf50c9,0x1037f29ede3e2534baae7676404fd1c7529ab1832f2f8b3439de80a4aa61343a,1.0,1102352,Lv 1 Agricultural Planting Essence,https://icons.lumiterra.net/item-icon-210.png,4.67e+18,Lunacian #4,Lunacian #0,4.67,4.67
2024-08-09 11:26:27,Sale,0xc82e54d05ce050c690407233795895de7581c1d2,19352440,0x885f158355954524e448a42fa79867b3eeaf50c9,0x1037f29ede3e2534baae7676404fd1c7529ab1832f2f8b3439de80a4aa61343a,1.0,1102352,Lv 1 Agricultural Planting Essence,https://icons.lumiterra.net/item-icon-210.png,4.5e+18,qkhongmuonphien#201197,Lunacian #0,4.5,4.5
2024-08-09 11:25:54,Sale,0x639cc98859c89038684970091b7421be40b0e9e3,19351980,0x73229f687b0a008176f74f717d09ce2a93d5eac6,0x14c90031ab9db7573dca4459841c18e3856fc43d58b0d0de7fdf1f044564baa8,2.0,1101584,Lv 1 Gather Essence,https://icons.lumiterra.net/item-icon-207.png,4.96e+18,lulz,Lord Abe,4.96,2.48
2024-08-09 11:25:42,Sale,0x19172549a42b5f0aff75173b83b7814144382c70,19351959,0x885f158355954524e448a42fa79867b3eeaf50c9,0xd7e49e26f3d9cb0c5fc4cecc0abaebcb165fbef998323307a0810e35226d5a2f,1.0,1103120,Lv 1 Agricultural Livestock Essence,https://icons.lumiterra.net/item-icon-213.png,3.9e+18,HunterThanh,Lunacian #0,3.9,3.9
2024-08-09 11:25:42,Sale,0x54b9d7171ff14164e90a5a0e5343d74c0747b340,19351958,0x885f158355954524e448a42fa79867b3eeaf50c9,0xd7e49e26f3d9cb0c5fc4cecc0abaebcb165fbef998323307a0810e35226d5a2f,1.0,1103120,Lv 1 Agricultural Livestock Essence,https://icons.lumiterra.net/item-icon-213.png,3.85e+18,Danielfg,Lunacian #0,3.85,3.85
2024-08-09 11:25:39,Sale,0x5fc5f1f6cfad1d03e1b7b32f14d4c1afed7bb180,19351954,0x7d106d20453bf643b2c1501790b3185fd2e45e06,0x2be90d96864e394c4f084892599c90f34350aca9c0d13a8f9a64dacae9eba20f,3.0,1085968,Bamboo Seed,https://icons.lumiterra.net/item-icon-146.png,5.7e+17,朝阳,Lunacian #2,0.57,0.18999999999999997
2024-08-09 11:25:21,Sale,0x5fc5f1f6cfad1d03e1b7b32f14d4c1afed7bb180,19351909,0x6ac4a5477a1769f2b2b145d72157b3aba4182127,0x6ae35c3463c2e57de0be16ab4e2646a1d892c40eb661c71d5f62e1da47590407,3.0,1086480,Carrot Seed,https://icons.lumiterra.net/item-icon-148.png,8.7e+17,朝阳,TIM,0.87,0.29
2024-08-09 11:25:06,Sale,0x54b9d7171ff14164e90a5a0e5343d74c0747b340,19351477,0x885f158355954524e448a42fa79867b3eeaf50c9,0xa2740ea4334f7b60914c7f2eb23e50659673cc1558722f835f91549cfb63d21b,1.0,1103120,Lv 1 Agricultural Livestock Essence,https://icons.lumiterra.net/item-icon-213.png,3.85e+18,Danielfg,Lunacian #0,3.85,3.85
2024-08-09 11:25:06,Sale,0x1d0c9b373d5e97180f1167f0c443489de700b126,19351476,0x885f158355954524e448a42fa79867b3eeaf50c9,0xa2740ea4334f7b60914c7f2eb23e50659673cc1558722f835f91549cfb63d21b,1.0,1103120,Lv 1 Agricultural Livestock Essence,https://icons.lumiterra.net/item-icon-213.png,3.8e+18,Luck 342,Lunacian #0,3.8,3.8
2024-08-09 11:25:00,Sale,0x5fc5f1f6cfad1d03e1b7b32f14d4c1afed7bb180,19351467,0x6ac4a5477a1769f2b2b145d72157b3aba4182127,0xbe76cff5bef50f42a2bccab2d5bacc3ed6652515b916f9382439231d6a143095,2.0,1085968,Bamboo Seed,https://icons.lumiterra.net/item-icon-146.png,3.8e+17,朝阳,TIM,0.38,0.19
2024-08-09 11:24:57,Sale,0xe5afb56e7ad752720586bf580f4b23b4b0b02cfe,19351461,0xb44a1b8ce5d668e95b61de3425157aebc5fcd215,0x3cd65228aa6fbbe5a643fa2ba3cc6932c0230bca55dd99436b1ec502f12f2057,1.0,268558864,Lv 1 Energy Slime,https://icons.lumiterra.net/item-icon-482.png,2e+18,Atkcarvalho,Lunacian #4,2.0,2.0
2024-08-09 11:24:39,Sale,0x310b03931871f37d2cdcdb02bf2068f2e4a08314,19351432,0x8820952ca16f64da3074507ed63588b59038364f,0x6e9eee6ab050d7b347379f9f489ee4741623d2b2b790a94e8d3592adb84bcf16,2.0,268559120,Lv 2 Energy Slime,https://icons.lumiterra.net/item-icon-483.png,1.396e+19,GUG,Lionkorts,13.96,6.98
2024-08-09 11:24:39,Sale,0x47f7b6e19901048201483ff1a8da65e7a9234cf1,19351431,0x8820952ca16f64da3074507ed63588b59038364f,0x6e9eee6ab050d7b347379f9f489ee4741623d2b2b790a94e8d3592adb84bcf16,1.0,268559120,Lv 2 Energy Slime,https://icons.lumiterra.net/item-icon-483.png,6.97e+18,Lunacian #4,Lionkorts,6.97,6.97
2024-08-09 11:24:39,Sale,0xb2159f4614ab1570252ec2ca43114adc45d2c7ac,19351430,0x8820952ca16f64da3074507ed63588b59038364f,0x6e9eee6ab050d7b347379f9f489ee4741623d2b2b790a94e8d3592adb84bcf16,5.0,268559120,Lv 2 Energy Slime,https://icons.lumiterra.net/item-icon-483.png,3.4e+19,Lunacian #5,Lionkorts,34.0,6.8
2024-08-09 11:24:39,Sale,0x0fe0195a4c82081a477b2dea7a74fbbfa78b0588,19351429,0x8820952ca16f64da3074507ed63588b59038364f,0x6e9eee6ab050d7b347379f9f489ee4741623d2b2b790a94e8d3592adb84bcf16,2.0,268559120,Lv 2 Energy Slime,https://icons.lumiterra.net/item-icon-483.png,1.3e+19,ERKIKO,Lionkorts,13.0,6.5
2024-08-09 11:24:33,Sale,0xbce1aa6120e602b9eb1e7a28e175e6bd9d5fadaa,19351417,0x6eeccbadea1e4152631dedad9dc4e19cf73be2c8,0x3b27ab87a6c28755447ac3492b220f1c907a7e21216789fda43e959717fdbdc6,1.0,1055760,Feed - Small,https://icons.lumiterra.net/item-icon-28.png,1.49e+18,Lunacian #3,Lunacian #2,1.49,1.49
2024-08-09 11:24:15,Sale,0x56b94e145b776902dc3f21187643a08e9ac50221,19351240,0x885f158355954524e448a42fa79867b3eeaf50c9,0xe82c9089729d62116ea6f7c08ca129f243c17bab590791eb574435b8d51a6cb0,2.0,1102352,Lv 1 Agricultural Planting Essence,https://icons.lumiterra.net/item-icon-210.png,8.74e+18,Lunacian #3,Lunacian #0,8.74,4.37
2024-08-09 11:24:15,Sale,0x506d7e58554626016b0a939aa2d18e405eaa3ad0,19351235,0xc64c523500eb9593cc88f369fac5b363454223b5,0x4383618e41efc14c49af2f7712e53c6e66d68f16cb52cc028ec9431d6662559b,1.0,268634640,Junior Farming Admission Ticket,https://icons.lumiterra.net/item-icon-778.png,4.5e+18,Lunacian #1,ls-2,4.5,4.5
2024-08-09 11:24:09,Sale,0xbce1aa6120e602b9eb1e7a28e175e6bd9d5fadaa,19350986,0x6eeccbadea1e4152631dedad9dc4e19cf73be2c8,0x887a806ea2e1284b8fbf9a994b7fdcd34a09caece3d124eb7217da7d0d675a41,1.0,1055760,Feed - Small,https://icons.lumiterra.net/item-icon-28.png,1.49e+18,Lunacian #3,Lunacian #2,1.49,1.49
2024-08-09 11:23:51,Sale,0xbebd009dcd0bd88b9b03cc0f90f84092cbb24475,19350964,0x5707896663b43eb48038506ac6ffd7e2b9035e6f,0xa3cde1e6c1a71b6c2a0046d1c2e874bd840dbc62498510ef997ff45b1522ec2e,1.0,91343852333181432387730302044796597133310615312,Combat0-3_20240812,https://icons.lumiterra.net/item-icon-735.png,5e+17,ThunFanci,Thuan2,0.5,0.5
2024-08-09 11:23:27,Sale,0x4393cd6872aa7349aa1a97c724f3ffa4dc716579,19350934,0x6eeccbadea1e4152631dedad9dc4e19cf73be2c8,0x5575d36379abceb3a5327090cfa40736625470adaef796653f071f7dda7305e8,1.0,1055760,Feed - Small,https://icons.lumiterra.net/item-icon-28.png,1.48e+18,Lunacian #3,Lunacian #2,1.48,1.48
2024-08-09 11:22:57,Sale,0x506d7e58554626016b0a939aa2d18e405eaa3ad0,19350474,0xdd952912f91b606bedf12c5510478a56fac63f4d,0xe38841992e75d2531dbb8ad9f864e09ffe690ca67af06776d3fdd0a933ca5249,1.0,367230264926710819484147235768356465647573008,Iron Pickaxe,https://icons.lumiterra.net/item-icon-88.png,6.5e+18,Lunacian #1,Lunacian #3,6.5,6.5
2024-08-09 11:22:45,Sale,0xe7dd2bbaae094dbe4d7572a33fd69d15f3ef0f96,19350449,0xdd952912f91b606bedf12c5510478a56fac63f4d,0xc71167f2aaa28260a0c73fecf23abcb8148d8513fcb076f2861042b3db5b293a,1.0,1103888,Lv 1 Combat Essence,https://icons.lumiterra.net/item-icon-216.png,2.65e+18,Lunacian #0,Lunacian #3,2.65,2.65
2024-08-09 11:22:45,Sale,0x355e053f992760886696e3dd689fc31742023404,19350448,0xdd952912f91b606bedf12c5510478a56fac63f4d,0xc71167f2aaa28260a0c73fecf23abcb8148d8513fcb076f2861042b3db5b293a,1.0,1103888,Lv 1 Combat Essence,https://icons.lumiterra.net/item-icon-216.png,2.6e+18,MACHAIRA,Lunacian #3,2.6,2.6
2024-08-09 11:22:45,Sale,0x0eb19d029cd1d7cddbb0c83da1fab938f6708499,19350447,0xdd952912f91b606bedf12c5510478a56fac63f4d,0xc71167f2aaa28260a0c73fecf23abcb8148d8513fcb076f2861042b3db5b293a,2.0,1103888,Lv 1 Combat Essence,https://icons.lumiterra.net/item-icon-216.png,5.18e+18,Lunacian #4,Lunacian #3,5.18,2.59
2024-08-09 11:22:30,Sale,0xb59d4e87f91f75eda3434aa016836b0a011e5d09,19350424,0x0d482992d97733b8315d05aa4e5fdd35b046a333,0x07ff5d52d5e695ae14551c53cd7bc88f46d5ac1001a364f5662d0663023b4a4c,1.0,372969594755209358405938640814864463702664976,Wooden Sword,https://icons.lumiterra.net/item-icon-39.png,3e+18,Lunacian #1,Secheron,3.0,3.0
2024-08-09 11:21:45,Sale,0xfbf5918700bde177e600cbec47153e7ec70f72a5,19349981,0x88324fcb7a03b9ef4450d09fbf6e8772cb41eda4,0x3de6cdc7d2e7b200f6959491399d571843f3436099f6c5caadb8528aa5e4f0e4,1.0,1102352,Lv 1 Agricultural Planting Essence,https://icons.lumiterra.net/item-icon-210.png,4.34e+18,Lunacian #0,Fesh,4.34,4.34
2024-08-09 11:21:33,Sale,0x669f6b77a8ac3a95ae37dc786141c123891a5b1d,19349966,0xc2501e66f169cde55d07f66a06bfc9ff750f5766,0x12547a2651dab5d81a4f244d6474096c8fc267da2e74e3429103b9979bdb1f21,1.0,1094160,Screw,https://icons.lumiterra.net/item-icon-178.png,8.4e+17,Lunacian #5,NoNW3GG,0.84,0.84
2024-08-09 11:21:27,Sale,0x5fc5f1f6cfad1d03e1b7b32f14d4c1afed7bb180,19349958,0xd692e86a9e0e3259ac0ef575a47f248fd5bb2fd0,0xa259c1311f80547164c1893a9ea751294b4a7133077f0a4242866df30e8bb6e4,5.0,1086480,Carrot Seed,https://icons.lumiterra.net/item-icon-148.png,1.45e+18,朝阳,Lunacian #我,1.45,0.29
2024-08-09 11:21:12,Sale,0xbd53f5b6f5e40ef120ca080dca98119368393dc7,19349929,0x6cd18ab19b097b5ffa4993b6a09d27db0c0e3d61,0xe778f481196901fa25215bc889a7522a8856e533690c47c080f22029e9d6f40b,1.0,1103888,Lv 1 Combat Essence,https://icons.lumiterra.net/item-icon-216.png,2.59e+18,Lunacian #5,Lunacian #1,2.59,2.59
2024-08-09 11:21:12,Sale,0x10fc2d0142b45a793c412d617af939e56b313f3f,19349928,0x6cd18ab19b097b5ffa4993b6a09d27db0c0e3d61,0xe778f481196901fa25215bc889a7522a8856e533690c47c080f22029e9d6f40b,2.0,1103888,Lv 1 Combat Essence,https://icons.lumiterra.net/item-icon-216.png,5.16e+18,Lunacian #1,Lunacian #1,5.16,2.58
2024-08-09 11:21:12,Sale,0x204a82fac6f178bf366df5212484de7e97479329,19349927,0x6cd18ab19b097b5ffa4993b6a09d27db0c0e3d61,0xe778f481196901fa25215bc889a7522a8856e533690c47c080f22029e9d6f40b,1.0,1103888,Lv 1 Combat Essence,https://icons.lumiterra.net/item-icon-216.png,2.57e+18,Yunohu,Lunacian #1,2.57,2.57
2024-08-09 11:20:54,Sale,0x482608f8c83ed4a26cba241c8ed6e31f692317b9,19349521,0x0279c7b9e79f25f8b2702075750e01239088e766,0x9a75b27a3d0488620d203a8ee4130764961343701c2b2fb7859da023b64f48f6,1.0,1088016,Blue Mushroom Seed,https://icons.lumiterra.net/item-icon-154.png,1.5e+17,给我往死里卷,Lunacian #26203398,0.15,0.15
2024-08-09 11:20:51,Sale,0xf348363b499b587359c677939f4530fb9e747581,19349514,0x6eeccbadea1e4152631dedad9dc4e19cf73be2c8,0x6c4856d6a1d17b7acbc7f007b022f87e9a09a792cb6e36a95143cf5782f9a1d7,1.0,1055760,Feed - Small,https://icons.lumiterra.net/item-icon-28.png,1.5e+18,Lunacian #3,Lunacian #2,1.5,1.5
2024-08-09 11:20:42,Sale,0x16ac3ba89c073ece1c2b578ac58f06769094db34,19349494,0x6eeccbadea1e4152631dedad9dc4e19cf73be2c8,0xb0609b13bb93a203dbb1eb0e2db6ca98258d44b67f2347fb295eff16975957ed,1.0,1102352,Lv 1 Agricultural Planting Essence,https://icons.lumiterra.net/item-icon-210.png,4.35e+18,Lunacian #5,Lunacian #2,4.35,4.35
2024-08-09 11:20:21,Sale,0x5fc5f1f6cfad1d03e1b7b32f14d4c1afed7bb180,19349443,0xd692e86a9e0e3259ac0ef575a47f248fd5bb2fd0,0x64c32abd062ac570c272f83acc8ccf5c72f25da9db23e9eb4e3b0c46485317fd,5.0,1085968,Bamboo Seed,https://icons.lumiterra.net/item-icon-146.png,9.5e+17,朝阳,Lunacian #我,0.95,0.19
2024-08-09 11:19:51,Sale,0x6131a2d03c4040c217f5b9d20c679a686cba05f1,19349370,0x36eac437b566e63ab354c324a12e451c03a34138,0x7ddee9878caadf6cbf70e5d451a381f815b9d98e8b2c0a0fe59bd47824a5c6d5,1.0,93764882109505003899050991781539966870901449040,Costume · Potato Warrior,https://icons.lumiterra.net/item-icon-865.png,1.11e+20,banned la sao,stephen-lumi,111.0,111.0
2024-08-09 11:19:36,Sale,0x506d7e58554626016b0a939aa2d18e405eaa3ad0,19349101,0x6cd18ab19b097b5ffa4993b6a09d27db0c0e3d61,0x96d74191820211367b549bf39a5602373099125128f5d66dd5b6f21e56274cce,1.0,360098042741660327525225410584962749338966032,Iron Pickaxe,https://icons.lumiterra.net/item-icon-88.png,6.5e+18,Lunacian #1,Lunacian #1,6.5,6.5
2024-08-09 11:19:27,Sale,0x2eaa917b04d844a51cba2ec3a8ef28ff6d4e6dce,19349064,0xe46bcb8dfad84e3bd76ceb1a7f4f393700eeae1e,0x666b41a6a935d824ef6c9921c7426428d92d2792fd67f53d5e7c0bfdbf8bf579,1.0,357303659268859241761612192202300651017807888,Stone Sword,https://icons.lumiterra.net/item-icon-40.png,1.899e+19,Lunacian #2,JoaoCra2,18.99,18.99
2024-08-09 11:19:15,Sale,0x1d0c9b373d5e97180f1167f0c443489de700b126,19349039,0x7f6da6f36e817ce4d4a008e9eeb9da124750b093,0xcacb435e7dc888e8dcff6db6faacbd9ceb331120d187a50072ed8e8dfbc12bef,3.0,268558096,Empty Bottle,https://icons.lumiterra.net/item-icon-479.png,1.05e+18,Luck 342,Lunacian #1,1.05,0.35000000000000003
2024-08-09 11:19:12,Sale,0xfbf5918700bde177e600cbec47153e7ec70f72a5,19349027,0xbebd009dcd0bd88b9b03cc0f90f84092cbb24475,0xb87243509fe8f76e116aa72b8f1525187545922b5c9f616484de6c51a5f78028,1.0,91343852333181432387730302044796597133310615312,Combat0-3_20240812,https://icons.lumiterra.net/item-icon-735.png,6e+17,Lunacian #0,ThunFanci,0.6,0.6
2024-08-09 11:19:06,Sale,0x9f793658f3854dd79bb4257ff585bff3733c43dd,19349017,0x82a92a33c3faf517bc0896ef3932140864275345,0xee634c5d172078cdfaf6055a49a9a5d119a0303c6221ef4585d0eb91daf98066,2.0,1086224,Trifolium Seed,https://icons.lumiterra.net/item-icon-147.png,6.8e+17,JessDu,Lunacian #5,0.68,0.34
2024-08-09 11:18:54,Sale,0x5fc5f1f6cfad1d03e1b7b32f14d4c1afed7bb180,19348989,0xc2501e66f169cde55d07f66a06bfc9ff750f5766,0xf47d4229718b312f1e4b37c8d8ca672f375f842f07f6aa68bb8b9258ceb30ace,1.0,1087248,Cactus Seed,https://icons.lumiterra.net/item-icon-151.png,4.7e+17,朝阳,NoNW3GG,0.47,0.47
2024-08-09 11:18:45,Sale,0x04f539b88863eb4a1c684c85ecda805a8ac72ea3,19348978,0x7d106d20453bf643b2c1501790b3185fd2e45e06,0xecbf1b6effa417eaef898c5ed3768f1835dc0b54ba5afccac3a5b4bc92604505,1.0,1101584,Lv 1 Gather Essence,https://icons.lumiterra.net/item-icon-207.png,2.53e+18,Laykher,Lunacian #2,2.53,2.53
2024-08-09 11:18:45,Sale,0x10fc2d0142b45a793c412d617af939e56b313f3f,19348977,0x7d106d20453bf643b2c1501790b3185fd2e45e06,0xecbf1b6effa417eaef898c5ed3768f1835dc0b54ba5afccac3a5b4bc92604505,1.0,1101584,Lv 1 Gather Essence,https://icons.lumiterra.net/item-icon-207.png,2.52e+18,Lunacian #1,Lunacian #2,2.52,2.52
2024-08-09 11:18:18,Sale,0x482608f8c83ed4a26cba241c8ed6e31f692317b9,19348531,0xe571315c10408949265323c8190a0723e728ef1c,0xce2248313076bcdfe810248b6999cfcfe89df5875f028eb0a889c2b430bf62be,6.0,1087504,Explosive Hot Pepper Seed,https://icons.lumiterra.net/item-icon-152.png,9e+17,给我往死里卷,Lunacian #1,0.9,0.15
